Hydro Expert Michał Grela,Chełm,,"48,535,806,147"
Aquaterm - usługi wodno-kanalizacyjne Tomasz Jagodziński,Chełm,https://www.aquaterm.eu/ - nie ładuje strony,"48,507,271,474"
SPAW-MET Bogusław Wołoszyn,Chełm,,"48,886,146,044"
Sentio - usługi hydrauliczne i gazowe w Chełmie,Chełm,,"48,517,669,883"
ClimCenter Usługi Hydrauliczne,Chełm,olx - który wywala / bez strony,"48,502,950,404"
"Zgórski Mariusz. Instalacje sanitarne, c.o., gaz.",Chełm,,"48,606,132,220"
HAS F.H.U ARTYKUŁY HYDRAULICZNE,Chełm,,                                                                         +48 82 565 09 90
EL-SŁAW,Chełm,,"48,509,958,447"
Solaris Hydro- Instal Robert Krężel,Chełm,,"48,515,244,675"
"Gabinet Weterynaryjny, lek. wet. Sławomir Gralewicz",Chełm,,"48,605,431,091"
Armar-Hydro,Chełm, http://www.hydraulika-silowa-chelm.pl/ - nie dostępna strona,"48,537,499,080"
Mariusz Mazurek Eko Instal,Zamość,,"48,509,310,091"
Hydraulik Zamość,Zamość,,"48,793,911,213"
HAIK Instalacje Sanitarne i Grzewcze,Zamość,http://haik.com.pl/ - odswiezenie strony,"48,600,197,415"
Lipson. Lipczewski S.,Zamość,,"48,502,218,089"
Usługi hydrauliczne. Instalacje Jan Starykiewicz,Zamość,,"48,573,093,027"
Hydro-Monter,Zamość,,"48,608,366,069"
"Pepex. Usługi hydrauliczne, wod.-kan., c.o. i gaz",Zamość,,"48,608,319,077"
"Boski Bud Remont kuchni, Remonty pod klucz, Usługi koparką, Hydraulik, Elektryk",Zamość,,"48,881,689,898"
Instal-Bud Łukasz Sałamacha,Zamość,,"48,667,257,943"
Hydro-Instal Sp z oo,Zamość,,+48 84 638 63 96
Tarajko Jacek. Firma handlowo-usługowa,Zamość,,"48,500,529,023"
Hydraulika siłowa,Zamość,,"48,608,636,587"
Remonty łazienek i wnętrz – Dariusz Litwin ,Zamość,,"48,729,229,374"
WERMAX - usługi instalacji hydraulicznych i elektrycznych.Serwis urządzeń grzewczych.,Zamość,,"48,729,453,386"
Pacyna Andrzej. Zakład instalacji sanitarnych i c.o.,Radom,,+48 48 381 79 07
MARK-INSTAL,Radom,,"48,515,891,132"
"
Hydramet. Zakład instalacji sanitarnych/CO i",Radom,,"48,692,521,479"
Hydro-Clinique Mateusz Grochalak,Radom,,"48,605,768,526"
Hydro-Grot Jakub Grot,Radom,,"48,534,810,310"
Jackpol - Sklep Hydrauliczny,Radom,,"48,502,640,266"
"Lewandowski Dariusz ""Domika""",Radom,,+48 48 362 51 50
HydroLuk Usługi Hydrauliczne Łukasz Trybuła,Radom,,"48,504,503,582"
Usługi Hydrauliczne Bartłomiej,Radom,,48889447440
Usługi hydrauliczne i spawalnicze M.,Radom,,"48,574,376,869"
Aqua system,Radom,,"48,451,585,894"
Gazownik,Radom,,"48,508,878,514"
 San-Instal Marcin Wiśniewski,Radom,,"48,798,076,544"
 Maxer PPHU Rafał Basaj,Radom,,"48,690,900,449"
  Instal-Tech Technika Grzewcza,Radom,,"48,697,021,424"
TermoFach Klimatyzacja samochodowa,Radom,,"48,513,797,007"
Hydroinstal. Gieratowski G.,Radom,,48483320540
 Jartech Instalacje,Radom,,"48,510,821,395"
 PINSTALL Michał Pierściński,Łęczna,,"48,603,994,136"
 KiM Instalacje Sanitarne Dariusz Pydyś,Łęczna,,"48,737,600,430"
 Sanit Łęczna Hurtownia Hydrauliczna,Łęczna,,"48,505,931,925"
 SKLEP HYDRAULICZNY Brus Adam,Łęczna,,"48,668,214,540"
 Hydro Tadeusz Wawryniuk - Hydraulika siłowa.,Biała Podlaska,,48 83 343 73 68
 INSTALACJE SANITARNE wod-kan-co,Biała Podlaska,,"48,509,457,417"
Szewczuk Marek. Zakład usługowy instalacji sanitarnych,Biała Podlaska,,+48 83 344 25 92
Instalator Janeczek,Biała Podlaska,,"48,607,401,683"
 Max-Bud. ZUHP. Węgrzyniak S.,Biała Podlaska,," +48 83 344 36 20
"
  SanDim,Biała Podlaska,,"48,883,574,432"
" Mr Instalacje, Autoryzowany Top Partner Buderus",Biała Podlaska,nie działająca strona ,"48,506,959,592"
 Usługi Hydrauliczne Radosław Pawlędzio,Biała Podlaska,,"48,507,812,168"
 EKO-HOUSE Zbigniew Struk,Biała Podlaska,,"48,609,743,279"
 Instalacje Sanitarne Jakub Wasiluk,Biała Podlaska,,"48,792,990,170"
 Usługi Hydrauliczne Marcin Stańczuk,Biała Podlaska,,"48,502,148,007"
" TWS Krzysztof Zając Sprzedaż, serwis myjek wysokociśnieniowych",Biała Podlaska,nie działająca strona ,"48,504,459,588"
 Administracja BSM Zgoda - os. Piastowskie/Centrum/Kopernika,Biała Podlaska,nie działająca strona , +48 83 343 53 76
 F.U. BETA Dariusz Fibakiewicz,Biała Podlaska,,"48,608,071,893"
 Hydro-kompleks Janusz Tur,Biała Podlaska,,"48,505,155,288"
 Śledź Zenon. Zakład Instalatorstwa Sanitarnego,Biała Podlaska,, +48 83 343 90 86
  inTERMO BP - Viessmann PUNKT,Biała Podlaska,,"48,505,155,288"
 Grochowski,Siedlce,nie działająca strona ,"48,535,979,115"
 Mega-Instal Robert Juszczuk,Siedlce,,"48,602,255,407"
" Hydraulik,Elektryk,WĘGRÓW,SIEDLCE,OKOLICE,MIRKPOL",Siedlce,,"48,602,255,407"
 CENTROSAN Hurtownia Hydrauliczna,Siedlce,,"48,721,444,662"
 THERMO-INSTALL,Siedlce,,"48,536,999,940"
 BUDGAR Sp. z o.o.,Siedlce,,"48,517,839,482"
" ""Sanbud"" Sp.j",Siedlce,,  48 25 644 38 58
 HydroPex Hurtownia hydrauliczna artykuły hydrauliczne grzejniki kotły gazowe instalacje sanitarne,Siedlce,, +48 25 632 38 83
 Sawicki Tadeusz. Hurtownia hydrauliczna,Siedlce,, +48 25 632 76 57
" ""Sanbud"" Sp.j. W. Leszczuk i K. Głuchowski",Siedlce,nie działająca strona , +48 25 644 92 74
 Kruczyński Stefan. Zakład kuśnierski,Siedlce,, +48 25 644 58 98
 Usługi remontowo - budowlane,Siedlce,,"48,608,734,331"
 Hydrogumit,Piotrków Trybunalski,nie działająca strona ,"48,733,533,404"
  Kaminstal,Piotrków Trybunalski,,"48,509,482,569"
" ""Proinstal"" Usługi Instalacyjne",Piotrków Trybunalski,,"48,500,298,359"
 Z.U.O. KRET Jerzy Bijoch,Piotrków Trybunalski,,"48,502,331,162"
 Pietraszko Władysław. Instalacje,Piotrków Trybunalski,,  +48 44 646 17 51
  Hurysz Marek. Usługi Tapicerskie,Piotrków Trybunalski,,"48,603,889,073"
" 
Hurtownia u Wokulskiego Albud S.C ",Piotrków Trybunalski,,48446470692
 Realbud - usługi hydrauliczne,Piotrków Trybunalski,,"48,604,543,334"
"  
Hurtownia hydrauliczna ""CAL"" s.c",Piotrków Trybunalski,, +48 44 732 63 70
 Pogotowie Kanalizacyjne 24h,Piotrków Trybunalski,,"48,506,615,551"
   HydraBar,Płock,,"48,452,111,077"
 M.C. Serwis Mariusz Ciborski,Płock,,"48,881,020,008"
 Złota Rączka,Płock,," +48 792 012 115
"
 Instalatorstwo Sanitarne Mateusz Krysiak,Płock,," +48 515 873 322
"
 Modern Design,Płock,,"48,692,175,680"
"  
Pluskwa domowa Odpluskwianie
",Płock,,"48,737,312,629"
 Karo-Instal,Płock,,"48,607,130,518"
 Świderek Franciszek. PU. Hydraulika,Łomża,,"48,604,250,995"
"  
Sklep Hydrauliczny Grzybiński",Łomża,,"48,509,640,162"
  Dziekoński. Hydraulika,Łomża,,"48,505,018,038"
 INSTAL-GAZ-SERWIS MICHAŁ PIOTROWSKI,Łomża,,"48,508,268,722"
 Dziekoński Edward. Usługi hydrauliczne,Łomża,,"48,505,018,038"
 Łuba Kazimierz. Usługi hydrauliczne,Łomża,,  +48 86 218 80 60
 Ogrzejemy.com Damian Malinowski,Łomża,,"48,882,760,076"
 Ror System,Łomża,,"48,735,039,789"
 Trepanowski Jarosław M.,Łomża,,"48,602,871,774"
  Brzóska J.K. Zakład instalatorstwa,Łomża,,  +48 86 218 62 66
 Wysk Bogdan. Elektromechanika pojazdowa,Łomża,,"48,602,240,644"
" MAJSTERFON-akcesoria,serwis",Łomża,,"48,720,719,005"
 Zakład Handlowo-Usługowy DEWU Włodzimierz Dymek,Łomża,,"48,600,276,321"
 D-Vent Daniel Prusińsk,Łomża,,"48,504,787,998"
 Remonty QR Bud,Łomża,,"48,784,775,728"
 HIIT Group Usługi Detektywistyczne Łomża,Łomża,,"48,577,948,866"
" FTC PIŁA. Węże hydrauliczne, hydraulika siłowa, pneumatyka. Tadeusz Barańczyk",Piła,, +48 67 214 66 69
 Mantaj Zenon. Zakład Instalacji Sanitarnych,Piła,, +48 67 213 12 00
 Budimar Robert Zieliński,Piła,,"48,504,744,201"
 Zakład Instalacji Sanitarnych Przemysław Michałek,Piła,,"48,532,082,341"
 AKURAT Łukasz Ignaczak,Piła,,"48,511,364,055"
 Zakład Instalacji Sanitarnych TOM-PIL,Piła,nie działająca strona ,"48,509,871,392"
 Pompy Ciepła Piła Sklep Instalacyjny,Piła,nie działająca strona ,"48,604,873,308"
 Iwanek. PHU,Piła,nie działająca strona ,"48,603,804,614"
 Termotech,Piła,, +48 67 212 80 61
 Water Global Universe - Usługi hydrauliczne Emil Marszałek,Gorzów Wielkopolski,,"48,500,808,149"
 Termotechnika Piotr Skupiński,Gorzów Wielkopolski,,"48,512,314,806"
 Instalatorstwo gazowe,Gorzów Wielkopolski,,"48,602,221,298"
  Hydrotech,Gorzów Wielkopolski,,"48,602,679,266"
 Plajta Bis I.Kislinger Sklep hydrauliczno-budowlany,Gorzów Wielkopolski,,48957324421
  Piotr Raba Hydraulik,Gorzów Wielkopolski,,"48,607,968,777"
 INSTALKAM Kamil Ptaszkiewicz,Gorzów Wielkopolski,,"48,785,624,446"
 ANDRE-KAN-POGOTOWIE KANALIZACYJNE,Gorzów Wielkopolski,,"48,725,509,465"
 WK-Serwis s.c. Rystwej W.K.,Gorzów Wielkopolski,,"48,695,879,500"
 Elektroterm,Gorzów Wielkopolski,,"48,661,495,307"
 Panel 2. Warsztat usługowy. Kosiński M.,Gorzów Wielkopolski,,"48,695,929,325"
 TDF Profesjonalne wykończenia wnętrz,Gorzów Wielkopolski,,"48,661,182,193"
 Bud-Trans - Usługi Budowlane i Remont Mieszkania,Gorzów Wielkopolski,,"48,603,868,010"
 Wykończenia Wnętrz Piotr Leszczyński,Gorzów Wielkopolski,,"48,511,751,226"
 P.P.U.H Władysław Szczepański,Gorzów Wielkopolski,,"48,880,183,853"
" Hydraulik, Pogotowie Hydrauliczne i Gazowe Zielona Góra EkoHydro Damian Kaca",Zielona Góra,,"48,534,914,830"
" Hydraulik, Pogotowie hydrauliczne, Usługi hydrauliczne i gazowe - Zielona Góra - EL-HYDRO",Zielona Góra,nie działająca strona ,"48,533,434,377"
Serwis Montaż Kotłów Gazowych Instalacje Ogrzewania,Zielona Góra,,"48,501,393,355"
  Hydrosanit Sławomir Grygorowicz - hydraulika gazownictwo wentylacje,Zielona Góra,,"48,603,137,908"
 Hydraulik Ac Blue Łukasz Wojtkowiak,Zielona Góra,,"48,502,678,605"
 Hydraulik JAMAL Łukasz Bryjak,Zielona Góra,,"48,797,375,959"
 Hydraulik . Instalacje sanitarne i grzewcze. Marczenia P.,Zielona Góra,,"  
+48 691 350 906"
 El-Hydro,Zielona Góra,,"48,533,434,377"
" HydraulikAdrian Łukasiewicz
",Zielona Góra,nie działająca strona ,"48,666,480,607"
 Hydraulik C O Gaz Wod Kan Serwis uzdatniania wody,Zielona Góra,,"48,739,446,158"
 X-Proel Usługi Elektryczne Adam Jabłoński,Zielona Góra,,"48,664,968,834"
 Neon Janusz Szuman,Zielona Góra,,"48,605,667,322"
 Złota Rączka Zielona Góra,Zielona Góra,,"48,792,655,655"
 Eko. Przedsiębiorstwo robót sanitarnych. Rogowski R.,Zielona Góra,, +48 68 453 33 30
 SECEX Tomasz Kramer,Zielona Góra,,"48,532,258,546"
  HydroSpec Jacek Wieczorek,Zielona Góra,,"48,666,670,821"
 M.D Hydro-Instal-Mat,Zielona Góra,,"48,782,647,862"
 Zakład Instalacyjno Budowlany Anna i Mariusz Feszter,Zielona Góra,,"48,667,630,917"
 Kresto Krystian Kramer,Zielona Góra,,"48,609,798,289"
 ProPio Piotr Wieczorek,Zielona Góra,,"48,880,254,255"
" ""Benek"" Benedykt Jaworski Instalacje Sanitarne i C.O Hydraulik Zielona Góra",Zielona Góra,,"48,693,196,398"
 NSTAL ANN A Chomiak Hydraulik Usługi Hydrauliczne,Zielona Góra,,"48,606,703,647"
 Czyszczenie Kanalizacji Zielona Góra Maciej Kwiatkowski,Zielona Góra,,"48,603,468,333"
  El -Hydro Instal Lider Marcin Stodolski,Zielona Góra,,"48,533,434,377"
 MATROM,Grudziądz,,"48,514,691,690"
 Instal - MIX,Grudziądz,,"  
+48 721 199 162"
 HYD-GAZ Jacek Pokora,Grudziądz,,"48,515,120,255"
" Gazprąd. ZHU.
",Grudziądz,,"48,566,421,283"
 Zakład Zegarmistrzowski Dariusz Czepil,Grudziądz,,"48,607,560,234"
 Firma Handlowo Uslugowa ARGO Arkadiusz Kalinowski,Grudziądz,,"48,721,994,594"
 ZEGARMISTRZ RYSZARD KASZOWSKI,Grudziądz,,"48,739,259,172"
 Instalatorstwo gazowe i hydraulika,Malbork,,"48,668,239,119"
 Hydraulik Express,Malbork,,"48,881,438,683"
 Usługi hydrauliczne Filip Turo,Malbork,,"48,503,718,225"
 WIL - JAN,Malbork,,"48,694,003,140"
 Geo-Bud,Malbork,,"48,698,375,684"
" Hydraulik Koszalin Mariusz Łoś
",Koszalin,,"48,606,100,599"
 Usługi hydrauliczne,Koszalin,,"48,668,605,316"
 HYDROTECHNIK Technika Grzewcza i Sanitarna Wolski Adrian,Koszalin,,"48,600,891,411"
"  
INSTALATOR Marek Kalkowski",Koszalin,,"48,731,064,027"
" S&M WUKO KOSZALIN, UDRAŻNIANIE KANALIZACJI HYDRAULIK Marcin Białek",Koszalin,,"48,535,021,001"
 Hydraulik Usługi Serwis Remonty Gasket Roman Rutkowski,Koszalin,,"48,795,699,270"
"  
Pogotowie Hydrauliczne 24h",Koszalin,,"48,530,656,159"
 Hydro-Gaz Usługi Hydrauliczne i Gazowe Mirosław Zaguła,Koszalin,,"  
+48 694 482 887"
 Instalacje hydrauliczne i gazowe - Hydr-All. Lucjan Kruczyński,Koszalin,,"48,503,734,136"
 Art-gaz Koszalin,Koszalin,,"48,505,966,784"
"  
Wiśniewski Andrzej. Usługi hydrauliczne",Koszalin,,"48,604,957,599"
"  
Usługi hydrauliczne",Koszalin,,"48,506,505,609"
 Wywóz szamba - Żuczek,Koszalin,,"48,535,107,105"
 Elektryk Koszalin Hydraulik Sparks,Koszalin,,"48,604,552,208"
 System Instalacje Usługi Hydrauliczne,Koszalin,,"48,602,634,624"
 SŁAW-BUD Usługi Remontowo-Budowlane,Koszalin,,"  
+48 608 517 757"
 ROBUD Robert Biegański,Koszalin,,"  
+48 601 674 798"
 WinCon Sp. z o.o.,Koszalin,, +48 94 342 27 26
 Urządzenia grzewcze - Ms Eco Instal Serwis,Koszalin,,"  
+48 503 336 044"
"  
D&R Hydraulik",Słupsk,,"48,798,714,493"
"  
Hydraulik Słupsk",Słupsk,nie działająca strona ,"48,783,155,749"
 Twój Instalator Mariusz,Słupsk,,"48,787,235,844"
" Santex I. Instalacje sanitarne, grzewcze, wodno-kanalizacyjne, solarne",Słupsk,, +48 59 843 25 10
" Kwiatek Wojciech. Zakład instalacji sanitarnych, co i gazowych",Słupsk,,"48,783,739,083"
 Centrum Hydrauliki Siłowej,Słupsk,,"48,733,293,533"
" Kizlich Artur. Zakład hydrauliczny
",Słupsk,, +48 59 842 07 73
 Tom-GAZ Krugły,Słupsk,,"48,791,201,203"
" DROKER - Usługi Spawalnicze, Hydrauliczne i Ślusarskie",Słupsk,,"48,530,405,985"
 Kirg-tech Usługi hydrauliczne i instalacyjne,Słupsk,,"48,734,601,212"
" Golec Henryk. Zakład instalatorstwa sanitarnego, c.o., gazowego",Słupsk,,48504267152
 Instal-Tom. Usługi hydrauliczne i budowlane. Kocyło T.,Słupsk,,"48,501,501,494"
 INSTON Trojanowski Marian,Słupsk,,"48,693,725,850"
"  
PRE ""Arinstal"" Sp. z o. o.
",Słupsk,, +48 59 720 51 03
 Zakład Instalatorstwa Sanitarnego Golec Henryk,Słupsk,,"48,504,267,152"
 Ignatowicz Sergiusz. Usługowy zakład hydrauliczny,Słupsk,,"48,696,829,194"
" Zakład Robót Instalacyjnych ""Wodnik"" Sp.j. J.",Elbląg,, +48 55 235 44 43
 Korzeniowski Zbigniew. Hydraulika siłowa,Elbląg,, +48 55 643 40 18
 Paula. PH,Elbląg,, +48 55 232 63 23
 Hydrosystem,Elbląg,,"48,601,447,695"
 Hydrauli Elbląg Mariusz Jakielski,Elbląg,,"48,660,442,808"
 Bartłomiej Kuliński INSTALACJE SANITARNE,Elbląg,,"48,507,149,538"
 Gavo. PHU. Gawron D.,Elbląg,,"48,606,596,009"
 URBAN SOLUTION,Elbląg,,"48,572,662,294"
 Hydraulik - Hydrobros Łukasz Staniorski,Elbląg,,"48,514,381,159"
 Serwis Beretta Hydraulik Elbląg HYDROMONT Krzysztof Szutkowski,Elbląg,,"  
+48 663 838 116
"
 Instalacje Hydrauliczne i CO Piotr Hawryluk,Elbląg,,"48,884,804,799"
 Hydraulik Elbląg AB - INSTALL Andrzej Bagiński,Elbląg,,"48,502,642,084"
 Instalacje hydrauliczne - KlimGaz,Elbląg,,"48,604,197,138"
 Instalacje Sanitarne Grzegorz Szutkowski,Elbląg,,"48,608,212,096"
 Hydronat usługi hydrauliczne Grzegorz Ostrowski,Elbląg,,"48,535,448,550"
" Szukiewicz Zbigniew. Naprawa i montaż urządzeń gazowniczych, hydraulika",Elbląg,, +48 55 233 38 74
 Wodnik-Korbolewski Dawid Korbolewski,Elbląg,nie działająca strona , +48 55 233 38 74
"  
Dafis",Elbląg,,"48,518,714,708"
" Rokmar"" Bohdan Pitnoczko, Autoryzowany Partner Bosch Termotechnika",Giżycko,,"48,600,018,591"
 Instalator. Zwoliński B.,Giżycko,," +48 87 428 66 26
"
"  
Sanex. PPUH. Babul R.",Giżycko,, +48 87 428 11 31
 Dorochowicz Józef. Zakład hydrauliczny,Suwałki,,"  
+48 504 049 950"
 Instalator. PHU,Suwałki,,"  
+48 504 291 655"
 Dariusz Kopko,Suwałki,,"  
+48 604 199 972"
"  
Złota Rączka Ołubowicz Stanisław",Suwałki,,"48,504,090,142"
 Solution Krzysztof Wysocki,Suwałki,,"48,517,184,380"
" PEPOSZ - serwis - przegląd gaśnic i hydrantów, zabezpieczenia PPOŻ Suwałki",Suwałki,,"48,798,704,703"
 Profit Instalacje i Budownictwo Sp z o o,Suwałki,,"48,796,502,244"
"  
PLUMBER Usługi Hydrauliczne",Suwałki,,"48,501,766,904"
 Podlaskie Przedsiębiorstwo Sanitarne,Suwałki,nie działająca strona ,"  
+48 535 750 910"
 Lartech Usługi Hydrauliczne,Suwałki,,"48,516,494,261"
 A-Z Instal. Usługi hydrauliczne. Witkowski Przemysław,Suwałki,,"  
+48 505 768 374"
 Przedsiębiorstwo instalacyjno-montażowe - Preizol Wiesław Bobrowski,Suwałki,,"48,602,347,166"
" CENTRALA HANDLOWO PRODUKCYJNA, ""ABAKUS"" SP. Z O.O oddzial Suwalki",Suwałki,,"  
+48 607 044 497"
 INNOVA ,Suwałki,,"48,783,979,971"
" Zakład Instalacji Sanitarnych - Bajkowscy S.C.
",Augustów,, +48 87 643 36 80
 Hydro Bud. Makarewicz,Augustów,,"48,691,014,630"
 Hydro-Instal. Jatkowski A.,Augustów,,"48,507,591,410"
 Kamiński Władysław. Zakład instalacji sanitarnych i grzewczych,Augustów,, +48 87 643 15 10
 Dudek Andrzej. Zakład instalacji sanitarnych i c.o.,Augustów,, +48 87 643 06 83
 KUŹNICKI ARTYKUŁY METALOWE I SANITARNE,Augustów,, +48 87 644 66 12
" Przyłącze wodociągowe i kanalizacyjne, oczyszczalnie ścieków, usługi sprzętem budowlanym",Augustów,,"48,504,862,322"
 Turbud sp.j.,Inowrocław,,"  
+48 664 495 522"
 Domin_bud Wojciech Banachowski,Inowrocław,nie działająca strona ,"48,733,406,306"
" Hydraulika siłowa
",Inowrocław,,"48,606,651,719"
 Zakład Instalacyjno-Budowlany INOMAK Marek Kowalski,Inowrocław,nie działająca strona ,"  
+48 692 985 529"
 Rk-Instal Robert Kowalski,Inowrocław,,"  
+48 721 311 450"
 Rafko Instalacje Rafał Surdyk,Inowrocław,,"  
+48 787 029 309"
 Ciepło Pod Stopami - Frezowanie pod Ogrzewanie Podłogowe & Instalacje Grzewcze i Hydrauliczne,Inowrocław,,"  
+48 601 788 241"
 Krzyżowski Włodzimierz. Zakład szewski,Inowrocław,, +48 52 357 59 84
 PUH OMEGA - usługi elektryczne i ogólnobudowlane,Inowrocław,,"  
+48 508 811 849
"
"  
EKO-HYDRO ANDRZEJ SZEJNA",Włocławek,,"  
+48 793 013 475"
" Hydraulik, Tomasz Gralak",Włocławek,,"48,661,090,118"
 Zakład Hydrauliczno - Gazowy Mariusz Krasowski,Włocławek,,"  
+48 663 670 684"
" Hydraulik instalacje wod-kan,ogrzewanie,montaż kotłów",Włocławek,,"48,696,598,228"
 Hydro-Instal,Włocławek,,"  
+48 604 603 694"
 P.H.U Kosta Marek Stawicki,Włocławek,,"48,606,388,805"
"  
PTN Serwis - Ekspresy do kawy
",Konin,,"48,798,363,112"
 Prusaqua - Hydraulik | Konin,Konin,,"48,669,472,995"
 Karlos OZE Karol Gauden Sp. k.,Konin,nie działająca strona , +48 63 246 21 73
 BUDIMAR,Konin,,"48,538,198,769"
 JagodaPro,Konin,,"48,781,080,273"
 EkoInstal - A.Grabarczyk i Wspólnicy Spółka Jawna,Konin,,"48,604,896,559"
 MW Lift Marcin Walczak,Konin,,"48,665,570,580"
 Instalator. PHU,Konin,, +48 63 245 38 07
 Tomiz Sp. z o. o.,Konin,, +48 63 240 00 83
" WeberKlima Pompy Ciepła, Klimatyzacja, Rekuperacja, Instalacje Elektryczne",Konin,,"48,732,566,070"
 Instalacje,Konin,nie działająca strona ,"  +48 660 445 847
"
"  
Pogotowie wodno - kanalizacyjne",Władysławowo,nie działająca strona , +48 58 674 06 19
 Ed-Szwed,Władysławowo,," +48 667 269 457
"
 SEBUD,Władysławowo,,"48,502,485,438"
 JK-INSTAL Jakub Jeka,Władysławowo,,"48,570,036,562"
  Hydraulik i Usługi hydrauliczne / Wanny SPA Ogrodowe Sprzedaż SERVIS, Bielsko-Biała,,"48,512,113,834"
" Paks'd Sp. z o.o.
", Bielsko-Biała,nie działająca strona ,"48,695,373,738"
 B.T.H. Holdexim Zygmunt Holeksa, Bielsko-Biała,, +48 33 818 30 73
 Hydraulik Bielsko-Biała Lukas, Bielsko-Biała,,"48,508,350,166"
 InstalPro - Nowoczesne Instalacje, Bielsko-Biała,nie działająca strona ,"48,500,079,862"
 Mądry Robert. Instalatorstwo wod. - kan. i c.o., Bielsko-Biała,,"  
+48 503 010 955"
 Hydraulika -Józef Górny, Bielsko-Biała,,"  
+48 663 674 673"
 Instalmix sp z o.o., Bielsko-Biała,,"  
+48 728 127 872"
 Hydraulik Bielsko-Biała, Bielsko-Biała,,"48,796,044,246"
 Hennadii Usyk Insnalacje WOD-KAN / CO, Bielsko-Biała,,"  
+48 577 955 230"
"  
Instalacje Grzegorz Gąsior
", Bielsko-Biała,,"  
+48 784 958 532"
" iNSTALIK
", Bielsko-Biała,,"48,513,384,613"
 Keller-Spaw, Bielsko-Biała,,"  
+48 507 124 238"
 Instalacje CO i CWU WANDOR, Bielsko-Biała,,"  
+48 603 211 569"
 Eleven Bud Kordian Kiedrowski, Bielsko-Biała,,"48,690,050,569"
 Trybuch Tadeusz Zakład Instalacji Sanitarnej I C.o.,Kluczbork,,"48,696,238,977"
 AB INSTAL,Kluczbork,,"  
+48 880 410 408"
" Zakład Usług Instalacyjnych
",Kluczbork,, +48 77 447 60 45
 Jurex Usługi Budowlane,Kluczbork,,"  
+48 725 553 199"
 Mario Usługi Dla Domu,Kluczbork,,"  
+48 607 943 266"
 Hydromontaż. Duchalski P., Mrągowo,,"48,602,138,591"
" Hydraulik, IKON s.c.-instalacje grzewcze, Mrągowo", Mrągowo,, +48 89 741 30 43
"  
Technika Grzewcza Mrągowo", Mrągowo,,"48,790,017,693"
" Zakład usług hydraulicznych. Instalacje c.o., wod. - kan.", Mrągowo,, +48 89 741 45 62
"  
F.H.U ELMID Mieczysław Drężek", Mrągowo,,"48,601,864,255"
"  
Usługi hydrauliczne Daniel Olender
", Mrągowo,,"48,693,634,864"
" Mikol. Firma usługowo - instalacyjna. Cyba P., Chrostowski D.", Mrągowo,, +48 89 741 26 00
 Pogotowie Hydrauliczne Kowal,Zakopane,,"48,889,046,798"
" Hydraulik, Elektryk - Zakopane",Zakopane,,"48,604,866,372"
 HydroKarpiel Jakub Karpiel,Zakopane,,"48,725,064,777"
"  
Hydro-punkt - instalacje hydrauliczne
",Zakopane,,"48,608,110,111"
 Instalacje Hydrauliczne - Andrzej Stoch B&B Install,Zakopane,,"48,667,453,091"
 Instalacje Sanitarne Andrzej Sowiński,Zakopane,,"48,665,447,091"
" Instalacje Sanitarne Jakub Faron
",Zakopane,,"48,503,179,202"
 Murzyn Piotr. Firma handlowo - usługowa,Zakopane,,"48,502,723,888"
" Usługi hydrauliczne, budowlane Grzegorz Grzelak", Łowicz,,"  
+48 606 121 794"
 Cewokan. Zakład robót instalacyjno - inżynieryjnych. Cichy K., Łowicz,,"  
+48 46 830 22 41"
 Velox, Łowicz,,"  
+48 46 837 39 87"
" P.H.U. Walczak. Usługi hydrauliczne. Instalacje wod-kan, co. Kotłownie gazowe. Rekuperacja", Łowicz,,"  
+48 46 837 19 70
"
 HURTOWNIA HYDRAULICZNA BOGUSŁAW ROLEWSKI, Łowicz,,"  
+48 46 837 71 47"
" Andrzej Zygmunt Buding, Autoryzowany Instalator Junkers-Bosch", Łowicz,, +48 46 830 08 87
 Brandt Stanisław. Zakład usług hydraulicznych, Łowicz,,"  
+48 46 837 78 51"
" HYDRA Pogotowie Kanalizacyjne
", Łowicz,,"  
+48 693 405 240"
 Hydro-Serwis. Półtorak G., Łowicz,,"  
+48 507 231 775"
 Zakład Usługowo-Handlowy Hydropol Edward Markiewicz, Łowicz,,"  
+48 608 076 041"
 HydroKwiat, Łowicz,,"  
+48 791 151 993"
 Krzeszewski. Usługi wod. - kan., Łowicz,,"  
+48 46 837 44 01"
 Thermo-Stan. Instalacje hydrauliczne i grzewcze. Solary. Pompy ciepła., Łowicz,,"  
+48 46 837 83 93"
 Tech-Mech Obsługa Techniczna Budynków, Łowicz,,"  
+48 889 366 644"
" MIX. Handel, usługi. Iwanow M.", Łowicz,,"  
+48 515 838 888"
 Klimatyzacja Łowicz - Pompy ciepła., Łowicz,,"48,660,149,509"
" J&A Hydraulik P. Sowa, J.Sowa",Bochnia,,"48,508,105,448"
 BAU-KOMPLEX Adam Fortuna,Bochnia,,"48,660,425,143"
"  
Instalator Janusz Rogowski",Bochnia,,"48,501,528,173"
" Sklep hydrauliczny sprzedaż ,montaż-piece węglowe gazowe grzejniki,instalacje",Bochnia,, +48 14 612 24 07
 CENTRUM SERWISOWE NAPRAWA PIECÓW GAZOWYCH BOCHNIA BRZESKO HYDRAULIK INSTALACJE,Bochnia,,"48,695,005,671"
 Budomex Usługi remontowo-budowlane Tomasz Majcherczyk,Bochnia,,"48,665,779,470"
 M. G. Hydraulika,Knurów,,"48,533,094,662"
 Q.M-System Jakub Kulpiński,Knurów,,"48,534,884,999"
 ELBO,Sanok,wolna strona, +48 13 463 12 14
 Szewc Sanok - Usługi Szewskie - dorabianie kluczy,Sanok,,"48,609,900,016"
" HYDRAULIK Tomasz Ekiert
",Sanok,,"48,668,990,818"
" USŁUGI INSTALACYJNE C.O., Wod. Kan.Gaz. Solarne Robert Brejta, Autoryzowany Serwis Junkers-Bosch",Sanok,,"48,501,620,070"
 F.H.U. TWÓJ HYDRAULIK Marek Hostyński,Sanok,,"48,530,942,469"
 D.A.G. System instalacje grzewcze,Oświęcim,,"  
+48 606 261 865"
  ISK Paweł Majda,Oświęcim,,"  
+48 512 320 638"
 Gaz-Stan. Kuczkowski S.,Chojnice,,"48,502,325,897"
 HydroTom Technika grzewcza i sanitarna,Chojnice,,"48,531,818,972"
 Usługi Hydrauliczne Ireneusz Stryszyk,Chojnice,,"48,883,602,422"
 Zakład Instalacji Sieci Sanitarnych,Chojnice,, +48 52 397 62 51
 HYDROTERM Sp. z o.o.,Chojnice,,"48,602,300,505"
 Zakład instalacyjny wod-kan. CO i gazu Mieczysław Krzanik,Chojnice,,"48,605,233,968"
 GGG Company Instalacje Przeciwpożarowe Chojnice,Chojnice,,"48,669,393,650"
 Kołtuniak Ryszard. Zakład instalatorstwa sanitarnego,Świnoujście,,"  
+48 504 661 381"
 Hydraulik Serwis. Skóra R.,Świnoujście,,"  
+47 99 15 98 65"
 Instalator,Świnoujście,,"48,691,557,608"
 Pogotowie wodno - kanalizacyjne,Świnoujście,nie działająca strona , +48 91 321 59 65
 Hydraulik Świnoujście Grzegorz,Świnoujście,,"48,732,716,739"
 Hydromont Sp J,Świnoujście,,"  
+48 512 262 446"
 PDK HYDRAULIKA S.C HYDRAULIKA SIŁOWA mat. Budowlane,Świnoujście,,"48,606,568,811"
 Instalwave,Świnoujście,,"  
+48 788 366 676"
 HYDRO-BUD Damian Stanny,Świnoujście,,"  
+48 511 006 922"
 Dom Patrycja,Świnoujście,,"  
+48 91 321 93 54"
"  
Pirowski Mirosław. Instalacje sanitarne i grzewcze", Żyrardów,,"48,660,219,032"
" Sklep Ogólnoprzemysłowy
", Żyrardów,, +48 46 855 65 96
 Mikor. PHUP, Żyrardów,, +48 46 854 42 16
 Hydraulika Złota rączka, Żyrardów,,"48,730,286,936"
"  
Zotoserwis", Żyrardów,,"48,536,000,077"
 Romnix usługi remontowo budowlane, Żyrardów,,"48,693,124,761"
 Rem-Kon s.c. Kwiecińscy A.A., Żyrardów,, +48 46 856 20 05
 Hydraulik, Żyrardów,,"48,796,650,757"
 PHU Radosław Urbaniak, Żyrardów,,"48,513,651,750"
"  
Krasvol Energy", Żyrardów,,"48,574,288,378"
 Zambers-Eurogaz-Inżynieria Sanitarna-Gazosfera sp.zo.o, Żyrardów,,"48,601,988,161"
"  
H&P HYDROTECHNIK", Mikołów,,"  
+48 600 164 308"
" Instal-Plus. Instalacje sanitarne, grzewcze - sprzedaż, wykonawstwo", Mikołów,, +48 32 226 52 20
 IN-PULS Jakub Malczyk, Mikołów,,"  
+48 504 549 079"
 Lisdor Grzegorz Lisok Mikołów, Mikołów,,"  
+48 792 604 914
"
 Hydro-Luk Hydraulik,Sieradz,,"48,783,636,864"
" HYDRAULIK-STASIAK : Pompy Ciepła , Fotowoltaika ,Technika Grzewcza i Sanitarna",Sieradz,nie działająca strona ,"48,601,631,209"
 Hydraulik Sieradz ''POSEJDON'',Sieradz,,"48,665,676,068"
" Hydraulik Sieradz HYDROMAT
",Sieradz,,"48,603,971,771"
 AiR Hydro-tech,Sieradz,,"48,508,258,663"
 Jakubowski Tomasz. Firma handlowa,Sieradz,, +48 43 822 63 30
 Tromex. PUH. Technika grzewcza i sanitarna. Mokros T.,Sieradz,, +48 43 826 05 90
" KAWON Usługi Hydrauliczne, Technika Grzewcza, Kotłownie, Gruntowe Pompy Ciepła", Ciechanów,,"  
+48 606 496 765"
 Papierkiewicz Andrzej. Instalatorstwo wod.- kan., Ciechanów,,"  
+48 23 672 01 20
"
 P.U.H. Instalatorstwo Sanitarne Andrzej Piechna, Ciechanów,,"48,604,266,504"
" Skrzypiński Grzegorz. Instalatorstwo wodno - kanalizacyjne, c.o. i gazowe", Ciechanów,,"48,602,126,153"
 Usługi Hydrauliczne i Pompy Ciepła - Radosław Mosiej, Ciechanów,,"  
+48 511 018 310"
 Giziński Tadeusz. Usługi hydrauliczne, Ciechanów,,"48,604,726,166"
 Usługi Hydrauliczne, Ciechanów,,"48,692,388,238"
 Berk Ryszard. Usługi hydrauliczne, Ciechanów,,"48,602,155,645"
"  
KATMON", Ciechanów,,"48,506,243,139"
"  
Sa-Bud. Systemy grzewcze. Kubiak K.", Ciechanów,, +48 23 672 12 37
" Zakład Instalacyjny Ryszard Staroń
",Krosno,nie działająca strona ,"  
+48 502 665 191"
 KD Usługi hydrauliczne Kamil Drygaś,Krosno,,"  
+48 669 580 837"
 Gazda Stanisław. Usługi wod. - kan.,Krosno,,"  
+48 508 667 648"
 M&K Technika grzewcza. Instalacje hydrauliczne Krzysztof Kiełtyka,Krosno,,"  
+48 690 167 597"
 Novum,Krosno,,"  
+48 13 436 45 47"
 Max-Tech Waldemar Szybka,Krosno,,"48,512,864,527"
